Name,Login ID,SIS ID,Course,Project Type,Choice 1,Team 1,Choice 2,Team 2,Choice 3,Team 3,Preferred Name,GitHub Username,Personal Email,Timestamp,GroupId,Note
Aahan Rembersu,arembers,122016736,MSML610: Advanced Machine Learning,Small Research Projects,https://github.com/gpsaggese/gpsaggese.github.io/blob/master/research/ideas/draft.Counterfactual_Attribution_of_Agent_Failures.md,Group Sri Ramm Sekar Sasirekha 121949820 Linu Anil Teresa 122125070,https://github.com/gpsaggese/gpsaggese.github.io/blob/master/research/ideas/draft.Skill_vs_Luck_in_Agent_Benchmarks.md,Group Sri Ramm Sekar Sasirekha 121949820 Linu Anil Teresa 122125070,https://github.com/gpsaggese/gpsaggese.github.io/blob/master/research/ideas/draft.Test_Time_Search_Overfitting.md,Group Sri Ramm Sekar Sasirekha 121949820 Linu Anil Teresa 122125070,Aahan,aahanrembersu07,aahanrembersu07@gmail.com,9/18/2026 15:05:51,1,
Linu Teresa,lteresa,122125070,MSML610: Advanced Machine Learning,Small Research Projects,https://github.com/gpsaggese/gpsaggese.github.io/blob/master/research/ideas/draft.Counterfactual_Attribution_of_Agent_Failures.md,Group Aahan Rembersu 122016736 Sri Ramm Sekar Sasirekha 121949820,https://github.com/gpsaggese/gpsaggese.github.io/blob/master/research/ideas/draft.Skill_vs_Luck_in_Agent_Benchmarks.md,Group Aahan Rembersu 122016736 Sri Ramm Sekar Sasirekha 121949820,https://github.com/gpsaggese/gpsaggese.github.io/blob/master/research/ideas/draft.Test_Time_Search_Overfitting.md,Group Aahan Rembersu 122016736 Sri Ramm Sekar Sasirekha 121949820,,,,,1,
Sri Ramm Sekar Sasirekha,ssramm69,121949820,MSML610: Advanced Machine Learning,Small Research Projects,https://github.com/gpsaggese/gpsaggese.github.io/blob/master/research/ideas/draft.Counterfactual_Attribution_of_Agent_Failures.md,Group Linu Anil Teresa 122125070 Aahan Rembersu 122016736,https://github.com/gpsaggese/gpsaggese.github.io/blob/master/research/ideas/draft.Skill_vs_Luck_in_Agent_Benchmarks.md,Group Linu Anil Teresa 122125070 Aahan Rembersu 122016736,https://github.com/gpsaggese/gpsaggese.github.io/blob/master/research/ideas/draft.Test_Time_Search_Overfitting.md,Group Linu Anil Teresa 122125070 Aahan Rembersu 122016736,Sri Ramm,SriRammSS,srirammsekarsasirekha@gmail.com,9/13/2026 12:36:51,1,
Evan Kennedy,kennedy4,118902210,MSML610: Advanced Machine Learning,Small Research Projects,https://github.com/gpsaggese/gpsaggese.github.io/blob/master/research/ideas/draft.How_to_measure_LLM_compliance.md,Individual,https://github.com/gpsaggese/gpsaggese.github.io/blob/master/research/ideas/draft.Causal_Analysis_of_Hedge_Fund_Performance.md,Individual,https://github.com/gpsaggese/gpsaggese.github.io/blob/master/class_project/project_descriptions/MSML610/Scikit-Optimize_Project_Description.md,Individual,Evan,evankennedy5237,evankennedy5237@gmail.com,9/16/2026 23:04:23,2,
Jacob Keller,jkelle11,115203518,MSML610: Advanced Machine Learning,"Tutorials: ""Learn X in 60 Minutes"" / ""Build X with Y""",https://github.com/gpsaggese/gpsaggese.github.io/blob/master/class_project/project_descriptions/MSML610/Scikit-Optimize_Project_Description.md,Individual,https://github.com/gpsaggese/gpsaggese.github.io/blob/master/class_project/project_descriptions/MSML610/accelerate_Project_Description.md,Individual,https://github.com/gpsaggese/gpsaggese.github.io/blob/master/class_project/project_descriptions/MSML610/nevergrad_Project_Description.md,Individual,Jake Keller,jkelle11-source,jakekeller864@gmail.com,9/14/2026 11:24:49,3,
Mokshda Gangrade,mokshdag,122151017,MSML610: Advanced Machine Learning,Small Research Projects,https://github.com/gpsaggese/gpsaggese.github.io/blob/master/research/ideas/draft.Faster_Autoregressive_Generation_via_Word_Stem_Chunks_and_Diffusion.md  1. Mixing Diffusion and Autoregressive models. Using Large Error detection model and smaller Generative model.,Group- 122246614 Vyom Agarwal,N/A open to tweaking the paper idea in project choice one itself,N/A,N/A,N/A,,,,,4,
Vyom Agarwal,vyomwal5,122246614,MSML610: Advanced Machine Learning,Small Research Projects,https://github.com/gpsaggese/gpsaggese.github.io/blob/master/research/ideas/draft.Faster_Autoregressive_Generation_via_Word_Stem_Chunks_and_Diffusion.md  1. Mixing Diffusion and Autoregressive models. Using Large Error detection model and smaller Generative model.,Group- 122151017 Mokshda Gangrade,N/A open to tweaking the paper idea in project choice one itself,N/A,N/A,N/A,Vyom,vyomya,vyom.wal@gmail.com,9/17/2026 17:39:06,4,
Pratham Bharati,pbharati,122283886,MSML610: Advanced Machine Learning,Small Research Projects,https://github.com/gpsaggese/gpsaggese.github.io/blob/master/research/ideas/draft.Skill_vs_Luck_in_Agent_Benchmarks.md,Group. Shraddha Chandrashekar - 122092846,https://github.com/gpsaggese/gpsaggese.github.io/blob/master/class_project/project_descriptions/MSML610/smolagents_Project_Description.md,Group. Shraddha Chandrashekar - 122092846,https://github.com/gpsaggese/gpsaggese.github.io/blob/master/class_project/project_descriptions/MSML610/flwr_Project_Description.md,Group. Shraddha Chandrashekar - 122092846,Pratham,prathambharati,pratham.bharati03@gmail.com,9/16/2026 21:56:48,5,
Shraddha Chandrashekar,schand14,122092846,MSML610: Advanced Machine Learning,Small Research Projects,https://github.com/gpsaggese/gpsaggese.github.io/blob/master/research/ideas/draft.Skill_vs_Luck_in_Agent_Benchmarks.md,Group. Pratham Bharati - 122283886,https://github.com/gpsaggese/gpsaggese.github.io/blob/master/class_project/project_descriptions/MSML610/smolagents_Project_Description.md,Group. Pratham Bharati - 122283886,https://github.com/gpsaggese/gpsaggese.github.io/blob/master/class_project/project_descriptions/MSML610/flwr_Project_Description.md,Group. Pratham Bharati - 122283886,,,,,5,
Renuka Oladri (she/her),roladri,122279735,MSML610: Advanced Machine Learning,Small Research Projects,https://github.com/gpsaggese/gpsaggese.github.io/blob/master/research/ideas/draft.Causal_Analysis_of_Financial_Tradability.md,"Group, UID: 122243033 and 121942272",https://github.com/gpsaggese/gpsaggese.github.io/blob/master/research/ideas/in_progress.Causal_Analysis_of_Agent_Skill_And_Luck.md,"Group, UID: 122243033 and 121942272",https://github.com/gpsaggese/gpsaggese.github.io/blob/master/research/ideas/draft.Causal_Analysis_of_Age_and_Startup_Success.md,"Group, UID: 122243033 and 121942272",Renuka,oladri-renuka,renukaoladriw@gmail.com,9/17/2026 19:24:44,6,
Sankeerth Billa,sbilla,121942272,MSML610: Advanced Machine Learning,Small Research Projects,https://github.com/gpsaggese/gpsaggese.github.io/blob/master/research/ideas/draft.Causal_Analysis_of_Financial_Tradability.md,"Group, UID: 122279735 and 122243033",https://github.com/gpsaggese/gpsaggese.github.io/blob/master/research/ideas/in_progress.Causal_Analysis_of_Agent_Skill_And_Luck.md,"Group, UID: 122279735 and 122243033",https://github.com/gpsaggese/gpsaggese.github.io/blob/master/research/ideas/draft.Causal_Analysis_of_Age_and_Startup_Success.md,"Group, UID: 122279735 and 122243033",Red,sankeerth-billa,sankeerthbilla@gmail.com,9/20/2026 9:51:33,6,
Srimlika Nomula,srimlika,122243033,MSML610: Advanced Machine Learning,Small Research Projects,https://github.com/gpsaggese/gpsaggese.github.io/blob/master/research/ideas/draft.Causal_Analysis_of_Financial_Tradability.md,"Group, UID: 122279735 and 121942272",https://github.com/gpsaggese/gpsaggese.github.io/blob/master/research/ideas/in_progress.Causal_Analysis_of_Agent_Skill_And_Luck.md,"Group, UID: 122279735 and 121942272",https://github.com/gpsaggese/gpsaggese.github.io/blob/master/research/ideas/draft.Causal_Analysis_of_Age_and_Startup_Success.md,"Group, UID: 122279735 and 121942272",Srimlika,srimlika,nomulasrimlika@gmail.com,9/20/2026 9:46:10,6,
Gokulakannan Sakthivel,gsakthiv,122157842,MSML610: Advanced Machine Learning,Small Research Projects,https://github.com/gpsaggese/gpsaggese.github.io/blob/master/research/ideas/draft.Create_a_Small_Large_Language_Model_for_Logic.md,"Group, Basil Varghese - 122279322",https://github.com/gpsaggese/gpsaggese.github.io/blob/master/research/ideas/draft.Intelligence_Server.md,"Group, Basil Varghese - 122279322",https://github.com/gpsaggese/gpsaggese.github.io/blob/master/research/ideas/draft.Train_Financial_Sentinment_Analysis_Using_Prices.md,"Group, Basil Varghese - 122279322",Gokul,GokuHashira,gkannan.sakthi03@gmail.com,9/21/2026 22:09:50,7,
Rahul Chithra Shiva,rchithra,122319417,MSML610: Advanced Machine Learning,Small Research Projects,https://github.com/gpsaggese/gpsaggese.github.io/blob/master/research/ideas/draft.Analysis_of_Apple_Containers.md,Group - Anantha Aksshaj Erigisetty ( U122267831)  and Yaswanth Kottana (U122283107),https://github.com/gpsaggese/gpsaggese.github.io/blob/master/research/ideas/draft.Comparison_of_Testing_Agents.md,Group - Anantha Aksshaj Erigisetty ( U122267831)  and Yaswanth Kottana (U122283107),https://github.com/gpsaggese/gpsaggese.github.io/blob/master/research/ideas/draft.Comparison_of_Documentation_Agents.md,Group - Anantha Aksshaj Erigisetty ( U122267831)  and Yaswanth Kottana (U122283107),CS,rahulcs6104,rahulcs6104@gmail.com,9/21/2026 19:25:15,8,
Gowtham S (he),gsenthil,121936868,MSML610: Advanced Machine Learning,Small Research Projects,https://github.com/gpsaggese/gpsaggese.github.io/blob/master/research/ideas/draft.AI_Knowledge_Management_Development.md,Group(122282216 and 122270114),https://github.com/gpsaggese/gpsaggese.github.io/blob/master/research/ideas/draft.Fouriered_Learning.md,Group(122282216 and 122270114),https://github.com/gpsaggese/gpsaggese.github.io/blob/master/research/ideas/draft.AI_Semantic_Testing_Analysis.md,Group(122282216 and 122270114),Gotham,gowthamsenthil,gowthamsenthil2221@gmail.com,9/21/2026 10:57:51,9,
Madhur Maheshwari,mmaheshw,122123069,MSML610: Advanced Machine Learning,"Tutorials: ""Learn X in 60 Minutes"" / ""Build X with Y""",https://github.com/gpsaggese/gpsaggese.github.io/blob/master/class_project/project_descriptions/MSML610/pgmpy_Project_Description.md,Individual,https://github.com/gpsaggese/gpsaggese.github.io/blob/master/class_project/project_descriptions/MSML610/DoWhy_Project_Description.md,Individual,https://github.com/gpsaggese/gpsaggese.github.io/blob/master/class_project/project_descriptions/MSML610/Kats_Project_Description.md,Individual,Madhur,madhur2003,madhur2k3@gmail.com,9/20/2026 16:43:18,10,
Bingyu Cai,bcai1,122095762,MSML610: Advanced Machine Learning,Small Research Projects,https://github.com/gpsaggese/gpsaggese.github.io/blob/master/research/ideas/draft.Mean_Variance_Optimization_with_NN.md,Individual,https://github.com/gpsaggese/gpsaggese.github.io/blob/master/research/ideas/draft.Backtesting_Complexity.md,Individual,https://github.com/gpsaggese/gpsaggese.github.io/blob/master/research/ideas/draft.Train_Financial_Sentinment_Analysis_Using_Prices.md,Individual,Cai,bcai1-stack,bingyucai222@gmail.com,9/20/2026 14:43:44,11,
Sawyer Byrd,sbyrd1,117786866,MSML610: Advanced Machine Learning,"Tutorials: ""Learn X in 60 Minutes"" / ""Build X with Y""",https://github.com/gpsaggese/gpsaggese.github.io/blob/master/class_project/project_descriptions/MSML610/MLlib_Project_Description.md,Group (no group yet),https://github.com/gpsaggese/gpsaggese.github.io/blob/master/class_project/project_descriptions/MSML610/Scikit-Optimize_Project_Description.md,Group (no group yet),https://github.com/gpsaggese/gpsaggese.github.io/blob/master/class_project/project_descriptions/MSML610/Hyperopt_Project_Description.md,Group (no group yet),Sawyer,Sawyerbyrd,Sawbyrd@outlook.com,9/20/2026 11:59:12,12,
Anoushka Anand,aanand9,122018419,MSML610: Advanced Machine Learning,"Tutorials: ""Learn X in 60 Minutes"" / ""Build X with Y""",https://github.com/gpsaggese/gpsaggese.github.io/blob/master/class_project/project_descriptions/MSML610/CrewAI_Project_Description.md,Group (122016187 and  121094186),https://github.com/gpsaggese/gpsaggese.github.io/blob/master/class_project/project_descriptions/MSML610/flwr_Project_Description.md,Group (122016187 and 121094186),https://github.com/gpsaggese/gpsaggese.github.io/blob/master/class_project/project_descriptions/MSML610/stumpy_Project_Description.md,Group (122016187 and 121094186),Anoushka,aanand1811,anoushkanand2003@gmail.com,9/19/2026 20:48:51,13,
Prathamesh Uravane (he),upratham,122016187,MSML610: Advanced Machine Learning,"Tutorials: ""Learn X in 60 Minutes"" / ""Build X with Y""",https://github.com/gpsaggese/gpsaggese.github.io/blob/master/class_project/project_descriptions/MSML610/CrewAI_Project_Description.md,"121094186, 122018419",https://github.com/gpsaggese/gpsaggese.github.io/blob/master/class_project/project_descriptions/MSML610/flwr_Project_Description.md,"121094186, 122018419",https://github.com/gpsaggese/gpsaggese.github.io/blob/master/class_project/project_descriptions/MSML610/stumpy_Project_Description.md,"121094186, 122018419",Prath,upratham,upratham2002@gmail.com,9/19/2026 20:48:05,13,
Saranya Roy,rsaranya,121094186,MSML610: Advanced Machine Learning,"Tutorials: ""Learn X in 60 Minutes"" / ""Build X with Y""",https://github.com/gpsaggese/gpsaggese.github.io/blob/master/class_project/project_descriptions/MSML610/CrewAI_Project_Description.md,"Group( 122016187, 122018419 & 121094186 )",https://github.com/gpsaggese/gpsaggese.github.io/blob/master/class_project/project_descriptions/MSML610/flwr_Project_Description.md,"Group( 122016187, 122018419 & 121094186 )",https://github.com/gpsaggese/gpsaggese.github.io/blob/master/class_project/project_descriptions/MSML610/stumpy_Project_Description.md,"Group( 122016187, 122018419 & 121094186 )",Saranya,https://github.com/ROYSARANYA,roysharanya3512@gmail.com,9/19/2026 21:25:43,13,
Rushil Joshi,rjoshi07,121507976,MSML610: Advanced Machine Learning,Small Research Projects,https://github.com/gpsaggese/gpsaggese.github.io/blob/master/research/ideas/draft.Causal_Analysis_of_Financial_Tradability.md,Individual,https://github.com/gpsaggese/gpsaggese.github.io/blob/master/research/ideas/draft.Benchmarking_Data_Science_Agents.md,Individual,https://github.com/gpsaggese/gpsaggese.github.io/blob/master/research/ideas/draft.Train_Financial_Sentinment_Analysis_Using_Prices.md,Individual,Rushil,RushilJoshi07,rushiljoshi108@gmail.com,9/22/2026 18:26:02,14,
Tejarsha Chappidi,tejarsha,121413215,MSML610: Advanced Machine Learning,"Tutorials: ""Learn X in 60 Minutes"" / ""Build X with Y""",https://github.com/gpsaggese/gpsaggese.github.io/blob/master/class_project/project_descriptions/MSML610/SemanticKernel_Project_Description.md,Housing Price Analyzer (Project 2) — Open to individual or group,https://github.com/gpsaggese/gpsaggese.github.io/blob/master/class_project/project_descriptions/MSML610/smolagents_Project_Description.md,Customer-Churn Investigator (Project 2) — Open to individual or group,https://github.com/gpsaggese/gpsaggese.github.io/blob/master/class_project/project_descriptions/MSML610/Taskweaver_Project_Description.md,Custom EDA on Netflix Titles (Project 2) — Open to individual or group,Tej,tejarsha1,tejarshaas@gmail.com,9/22/2026 18:13:32,15,
Rithvik Kommareddy,rkommare,118867915,MSML610: Advanced Machine Learning,Small Research Projects,https://github.com/gpsaggese/gpsaggese.github.io/blob/master/research/ideas/in_progress.Comparison_of_Data_Science_Agents.md,Individual,https://github.com/gpsaggese/gpsaggese.github.io/blob/master/research/ideas/draft.Benchmarking_Data_Science_Agents.md,Individual,https://github.com/gpsaggese/gpsaggese.github.io/blob/master/research/ideas/draft.Kolmogorov_Complexity_Over_Time.md,Individual,Rithvik,rkommare,rithvik23@outlook.com,9/22/2026 18:04:26,16,
Dharshan Senthilkumar,dsenth11,121979865,MSML610: Advanced Machine Learning,Small Research Projects,https://github.com/gpsaggese/gpsaggese.github.io/blob/master/class_project/project_descriptions/MSML610/NLTK_Project_Description.md,Individual - Sentiment Analysis of Movie Reviews,https://github.com/gpsaggese/gpsaggese.github.io/blob/master/class_project/project_descriptions/MSML610/YData-profiling_Project_Description.md,Individual - Customer Segmentation Analysis,https://github.com/gpsaggese/gpsaggese.github.io/blob/master/class_project/project_descriptions/MSML610/AutoGluon_Project_Description.md,Individual - Predicting Airbnb Nightly Prices,Dharshan,DharshanSenthilkumar,dharshan096@gmail.com,9/22/2026 16:14:40,17,
Shashank Ashoka,shashk09,122241329,MSML610: Advanced Machine Learning,"Tutorials: ""Learn X in 60 Minutes"" / ""Build X with Y""",https://github.com/gpsaggese/gpsaggese.github.io/blob/master/class_project/project_descriptions/MSML610/CLIP-ViT-Large-Patch14_Project_Description.md,Individual,https://github.com/gpsaggese/gpsaggese.github.io/blob/master/class_project/project_descriptions/MSML610/PyTorch%20Geometric_Project_Description.md,Individual,https://github.com/gpsaggese/gpsaggese.github.io/blob/master/class_project/project_descriptions/MSML610/DeepSpeed_Project_Description.md,Individual,Shashank,shashk09-coder,Shashankashok94@gmail.com,9/22/2026 13:59:49,18,
Yuliang Peng (he),ypeng12,118495965,MSML610: Advanced Machine Learning,Small Research Projects,https://github.com/gpsaggese/gpsaggese.github.io/blob/master/research/ideas/draft.Train_Financial_Sentinment_Analysis_Using_Prices.md,Individual,https://github.com/gpsaggese/gpsaggese.github.io/blob/master/research/ideas/draft.Backtesting_Complexity.md,Individual,https://github.com/gpsaggese/gpsaggese.github.io/blob/master/research/ideas/draft.Mean_Variance_Optimization_with_NN.md,Individual,Paul,ypeng12,pengyuliang31@gmail.com,9/24/2026 0:31:47,19,Interested in quant finance
Amey Hengle,ameyhen,122283961,MSML610: Advanced Machine Learning,Small Research Projects,https://github.com/gpsaggese/gpsaggese.github.io/blob/master/research/ideas/draft.Create_LLM_Benchmark_for_thoroughness.md,Group - Priyanka Sadam (122191822),https://github.com/gpsaggese/gpsaggese.github.io/blob/master/research/ideas/draft.How_to_measure_LLM_compliance.md,Group - Priyanka Sadam (122191822),https://github.com/gpsaggese/gpsaggese.github.io/blob/master/research/ideas/draft.Build_an_LLM_Arena.md,Group - Priyanka Sadam (122191822),Amey,AmeyHengle,ameyhengle22@gmail.com,9/23/2026 1:03:46,20,
Aashish Vinod Arulbabu,aashish,122182936,MSML610: Advanced Machine Learning,"Tutorials: ""Learn X in 60 Minutes"" / ""Build X with Y""",https://github.com/gpsaggese/gpsaggese.github.io/blob/master/class_project/project_descriptions/MSML610/MLflow_Project_Description.md,Individual,https://github.com/gpsaggese/gpsaggese.github.io/blob/master/class_project/project_descriptions/MSML610/ONNX_Project_Description.md,Individual,https://github.com/gpsaggese/gpsaggese.github.io/blob/master/class_project/project_descriptions/MSML610/LakeFS_Project_Description.md,Individual,Aashish,aashishvinod,aashishvinod2004@gmail.com,9/23/2026 0:50:36,21,
Sai Hari Krishnan Gopikrishnan,saihari,122099395,MSML610: Advanced Machine Learning,Small Research Projects,https://github.com/gpsaggese/gpsaggese.github.io/blob/master/research/ideas/draft.Create_LLM_Benchmark_for_thoroughness.md,"Group (122262003, 122247420)",https://github.com/gpsaggese/gpsaggese.github.io/blob/master/research/ideas/draft.How_to_measure_LLM_compliance.md,"Group (122262003, 122247420)",https://github.com/gpsaggese/gpsaggese.github.io/blob/master/research/ideas/draft.Skill_vs_Luck_in_Agent_Benchmarks.md,"Group (122262003, 122247420)",Sai Hari,saihariG,krishnansaihari@gmail.com,9/24/2026 22:33:02,22,
Atharva Honrao,ahonrao,122150096,MSML610: Advanced Machine Learning,Small Research Projects,https://github.com/gpsaggese/gpsaggese.github.io/blob/master/research/ideas/draft.Train_Financial_Sentinment_Analysis_Using_Prices.md,"Group (122175730, 121968456)",https://github.com/gpsaggese/gpsaggese.github.io/blob/master/research/ideas/to_review/draft.Distribution_Shift_in_Time_Series_Forecasting.md,"Group (122175730, 121968456)",https://github.com/gpsaggese/gpsaggese.github.io/blob/master/class_project/project_descriptions/MSML610/orbit_Project_Description.md#project-3-demand-forecasting-for-e-commerce-difficulty-3,"Group (122175730, 121968456)",Atharva,atharvaa45,ayharch1411@gmail.com,9/24/2026 18:23:07,23,
Aditi Katale,akatale,122175730,MSML610: Advanced Machine Learning,Small Research Projects,https://github.com/gpsaggese/gpsaggese.github.io/blob/master/research/ideas/draft.Train_Financial_Sentinment_Analysis_Using_Prices.md,"Aditi Katale (122175730), Atharva Honrao (122150096), Salman Farcy (121968456)",https://github.com/gpsaggese/gpsaggese.github.io/blob/master/research/ideas/to_review/draft.Distribution_Shift_in_Time_Series_Forecasting.md,"Aditi Katale (122175730), Atharva Honrao (122150096), Salman Farcy (121968456)",https://github.com/gpsaggese/gpsaggese.github.io/blob/master/class_project/project_descriptions/MSML610/orbit_Project_Description.md#project-3-demand-forecasting-for-e-commerce-difficulty-3,"Aditi Katale (122175730), Atharva Honrao (122150096), Salman Farcy (121968456)",Aditi,Aditirk0810-collab,Aditikatale0133@gmail.com,9/24/2026 17:38:56,24,
Salman Farcy Peer,pfarcy46,121968456,MSML610: Advanced Machine Learning,Small Research Projects,https://github.com/gpsaggese/gpsaggese.github.io/blob/master/research/ideas/draft.Train_Financial_Sentinment_Analysis_Using_Prices.md,"Group (122175730, 122150096)",https://github.com/gpsaggese/gpsaggese.github.io/blob/master/research/ideas/to_review/draft.Distribution_Shift_in_Time_Series_Forecasting.md,Group Atharva Honrao - 122150096,https://github.com/gpsaggese/gpsaggese.github.io/blob/master/class_project/project_descriptions/MSML610/orbit_Project_Description.md#project-3-demand-forecasting-for-e-commerce-difficulty-3,Group Aditi Katale - 122175730,Salman,farcypeer46,peerfarcy46@gmail.com,9/24/2026 0:49:21,25,
Sahil Mariwala,sahilm,114177391,MSML610: Advanced Machine Learning,Small Research Projects,https://github.com/gpsaggese/gpsaggese.github.io/blob/master/research/ideas/draft.Create_LLM_Benchmark_for_thoroughness.md,Individual,https://github.com/gpsaggese/gpsaggese.github.io/blob/master/research/ideas/draft.How_to_measure_LLM_compliance.md,Individual,https://github.com/gpsaggese/gpsaggese.github.io/blob/master/research/ideas/draft.Test_Time_Search_Overfitting.md,Individual,Sahil,sahilm97,sahil.mariwala@gmail.com,9/24/2026 0:40:45,26,
Chenhongshu Yu,alfieyu,116610971,MSML610: Advanced Machine Learning,Small Research Projects,https://github.com/gpsaggese/gpsaggese.github.io/blob/master/research/ideas/draft.Backtesting_Complexity.md,Individual,https://github.com/gpsaggese/gpsaggese.github.io/blob/master/research/ideas/draft.Causal_Analysis_of_Financial_Tradability.md,Individual,https://github.com/gpsaggese/gpsaggese.github.io/blob/master/research/ideas/draft.Mean_Variance_Optimization_with_NN.md,Individual,Alfie,Ghostbrush,alfie.cyu@gmail.com,9/23/2026 23:58:05,27,
Aadit Pratik Maniar,amaniar1,121334749,MSML610: Advanced Machine Learning,Small Research Projects,https://github.com/gpsaggese/gpsaggese.github.io/blob/master/research/ideas/draft.Causal_Analysis_of_Financial_Tradability.md,"121968470, 122147065",https://github.com/gpsaggese/gpsaggese.github.io/blob/master/research/ideas/draft.Comparison_of_Security_Analysis_Agents.md,"121968470, 122147065",https://github.com/gpsaggese/gpsaggese.github.io/blob/master/research/ideas/draft.Create_MCP_to_extract_text.md,"121968470, 122147065",Aadit,aaditManiar,aaditpmaniar@gmail.com,9/23/2026 20:45:43,28,
Gautam Bulusu,gbulusu,121968470,MSML610: Advanced Machine Learning,Small Research Projects,https://github.com/gpsaggese/gpsaggese.github.io/blob/master/research/ideas/draft.Causal_Analysis_of_Financial_Tradability.md,"121334749, 122147065",https://github.com/gpsaggese/gpsaggese.github.io/blob/master/research/ideas/draft.Comparison_of_Security_Analysis_Agents.md,"121334749, 122147065",https://github.com/gpsaggese/gpsaggese.github.io/blob/master/research/ideas/draft.Create_MCP_to_extract_text.md,"121334749, 122147065",GB,gbulusu12,gautambulusu12@gmail.com,9/23/2026 20:31:24,29,
Dakshi Goel,dakshi22,122147065,MSML610: Advanced Machine Learning,Small Research Projects,https://github.com/gpsaggese/gpsaggese.github.io/blob/master/research/ideas/draft.Causal_Analysis_of_Financial_Tradability.md,"Group (Gautum Bulusu 121968470, Aadit Maniar 121334749)",https://github.com/gpsaggese/gpsaggese.github.io/blob/master/research/ideas/draft.Comparison_of_Security_Analysis_Agents.md,"Group (Gautum Bulusu 121968470, Aadit Maniar 121334749)",https://github.com/gpsaggese/gpsaggese.github.io/blob/master/research/ideas/draft.Create_MCP_to_extract_text.md,"Group (Gautum Bulusu 121968470, Aadit Maniar 121334749)",Dakshi,dakshigoel22,dakshi2212@gmail.com,9/23/2026 20:30:38,30,
Dharmesh Sharma,dsharma7,122274334,MSML610: Advanced Machine Learning,"Tutorials: ""Learn X in 60 Minutes"" / ""Build X with Y""",https://github.com/gpsaggese/gpsaggese.github.io/blob/master/class_project/project_descriptions/MSML610/smolagents_Project_Description.md,Project 2: Customer-Churn Investigator - Individual,https://github.com/gpsaggese/gpsaggese.github.io/blob/master/class_project/project_descriptions/MSML610/Polars_Project_Description.md,Project 2: E-commerce Customer Segmentation - Individual,https://github.com/gpsaggese/gpsaggese.github.io/blob/master/class_project/project_descriptions/MSML610/skorch_Project_Description.md,Project 2: Predicting House Prices with Neural Networks - Individual,Dharmesh,dharmesh-12s,dharmesh777sharma@gmail.com,9/23/2026 20:03:51,31,
Muazuddin Syed,muaz7,122279407,MSML610: Advanced Machine Learning,"Tutorials: ""Learn X in 60 Minutes"" / ""Build X with Y""",https://github.com/gpsaggese/gpsaggese.github.io/blob/master/class_project/project_descriptions/MSML610/SemanticKernel_Project_Description.md,"Group, UID: 121413215",https://github.com/gpsaggese/gpsaggese.github.io/blob/master/class_project/project_descriptions/MSML610/smolagents_Project_Description.md,"Group, UID: 121413215",https://github.com/gpsaggese/gpsaggese.github.io/blob/master/class_project/project_descriptions/MSML610/Apache%20Arrow%20%28PyArrow%29_Project_Description.md,Individual But Open to Groups,Muaz,S-Muaz,s.muazuddin@gmail.com,9/23/2026 20:01:41,32,
Riya Puri,rpuri,122099296,MSML610: Advanced Machine Learning,Small Research Projects,https://github.com/gpsaggese/gpsaggese.github.io/blob/master/research/ideas/draft.Benchmarking_Data_Science_Agents.md,Group (Stuti Patel - 122013834),https://github.com/gpsaggese/gpsaggese.github.io/blob/master/papers/Causal_Analysis_of_Agent_Skill_And_Luck.md,Group (Stuti Patel - 122013834),https://github.com/gpsaggese/gpsaggese.github.io/blob/master/research/ideas/draft.Causal_Analysis_of_Financial_Tradability.md,Group (Stuti Patel - 122013834),Riya,riyaapuri,rpuri@terpmail.umd.edu,9/23/2026 19:37:55,33,
Stuti Jaideep Patel,stupatel,122013834,MSML610: Advanced Machine Learning,Small Research Projects,https://github.com/gpsaggese/gpsaggese.github.io/blob/master/research/ideas/draft.Benchmarking_Data_Science_Agents.md,Group - 122099296 - Riya Puri,https://github.com/gpsaggese/gpsaggese.github.io/blob/master/research/ideas/draft.Causal_Analysis_of_Financial_Tradability.md,Group - 122099296 - Riya Puri,https://github.com/gpsaggese/gpsaggese.github.io/blob/master/papers/Causal_Analysis_of_Agent_Skill_And_Luck,Group - 122099296 - Riya Puri,Stuti,stupatel17,stutikaneria@gmail.com,9/23/2026 18:32:52,34,
Aditi Karanjkar,akaranjk,122283190,MSML610: Advanced Machine Learning,Small Research Projects,https://github.com/gpsaggese/gpsaggese.github.io/blob/master/research/ideas/in_progress.Comparison_of_Data_Science_Agents.md,Group (122016217 and 121999078),https://github.com/gpsaggese/gpsaggese.github.io/blob/master/class_project/project_descriptions/MSML610/W%26B%20Weave_Project_Description.md#project-2-customer-segmentation-analysis-difficulty-2,Group (122016217 and 121999078),https://github.com/gpsaggese/gpsaggese.github.io/blob/master/research/ideas/draft.Mean_Variance_Optimization_with_NN.md,Group (122016217 and 121999078),Aditi,aditik168,aditi.karanjkar168@gmail.com,9/23/2026 17:21:37,35,
Anuj Kittur,akittur,122150232,MSML610: Advanced Machine Learning,Small Research Projects,https://github.com/gpsaggese/gpsaggese.github.io/blob/master/class_project/project_descriptions/MSML610/DoWhy_Project_Description.md#project-3-understanding-the-effect-of-air-quality-on-health-outcomes,"Haneesh Kilaru - UID: 122092983 , Manish Patil - UID:  121968463",https://github.com/gpsaggese/gpsaggese.github.io/blob/master/class_project/project_descriptions/MSML610/CausalNex_Project_Description.md#project-3-investigating-the-effects-of-air-quality-on-pollutant-levels,"Haneesh Kilaru - UID: 122092983 , Manish Patil - UID:  121968463",https://github.com/gpsaggese/gpsaggese.github.io/blob/master/class_project/project_descriptions/MSML610/CausalPy_Project_Description.md#project-3-analyzing-the-effects-of-healthcare-policies-on-patient-outcomes,"Haneesh Kilaru - UID: 122092983 , Manish Patil - UID:  121968463",Anuj,AnujKittur,anujkittur@gmail.com,9/23/2026 16:17:51,36,
Manish Patil,mspatil,121968463,MSML610: Advanced Machine Learning,Small Research Projects,https://github.com/gpsaggese/gpsaggese.github.io/blob/master/class_project/project_descriptions/MSML610/DoWhy_Project_Description.md#project-3-understanding-the-effect-of-air-quality-on-health-outcomes,"122092983 - Haneesh Kilaru , 122150232 - Anuj Kittur",https://github.com/gpsaggese/gpsaggese.github.io/blob/master/class_project/project_descriptions/MSML610/CausalNex_Project_Description.md#project-3-investigating-the-effects-of-air-quality-on-pollutant-levels,"122092983 - Haneesh Kilaru , 122150232 - Anuj Kittur",https://github.com/gpsaggese/gpsaggese.github.io/blob/master/class_project/project_descriptions/MSML610/CausalPy_Project_Description.md#project-3-analyzing-the-effects-of-healthcare-policies-on-patient-outcomes,"122092983 - Haneesh Kilaru , 122150232 - Anuj Kittur",Manish,manish-mp7,manish.msp.patil@gmail.com,9/23/2026 15:13:32,37,
Ronak Vimal,ronakv,122162365,MSML610: Advanced Machine Learning,Small Research Projects,https://github.com/gpsaggese/gpsaggese.github.io/blob/master/research/ideas/in_progress.RL_for_auto_EDA.md,"122087934 (rayhanbp@umd.edu), 122250932 (anir@umd.edu)",https://github.com/gpsaggese/gpsaggese.github.io/blob/master/research/ideas/draft.Comparison_of_Security_Analysis_Agents.md,"122087934 (rayhanbp@umd.edu), 122250932 (anir@umd.edu)",https://github.com/gpsaggese/gpsaggese.github.io/blob/master/research/ideas/draft.Comparison_of_Debugging_Agents.md,"122087934 (rayhanbp@umd.edu), 122250932 (anir@umd.edu)",Ronak,Kytamnh,ronakvimal2003@gmail.com,9/23/2026 14:44:37,38,
Eunsoo Suk,eunsoo05,122101524,MSML610: Advanced Machine Learning,"Tutorials: ""Learn X in 60 Minutes"" / ""Build X with Y""",https://github.com/gpsaggese/gpsaggese.github.io/blob/master/class_project/project_descriptions/MSML610/CLIP-ViT-Large-Patch14_Project_Description.md,Group (Hardik Kamboj 122279933 ; Nishanth Reddy Adidela 122280014),https://github.com/gpsaggese/gpsaggese.github.io/blob/master/class_project/project_descriptions/MSML610/Pomegranate_Project_Description.md,Group (Hardik Kamboj 122279933 ; Nishanth Reddy Adidela 122280014),https://github.com/gpsaggese/gpsaggese.github.io/blob/master/class_project/project_descriptions/MSML610/filterpy_Project_Description.md,Group (Hardik Kamboj 122279933 ; Nishanth Reddy Adidela 122280014),Eunsoo,eunsoo-suk,sukjoshua0515@gmail.com,9/23/2026 12:38:02,39,
Alex Jing,alexjing,117842074,MSML610: Advanced Machine Learning,Small Research Projects,https://github.com/gpsaggese/gpsaggese.github.io/blob/master/research/ideas/draft.Agentic_Analysis_of_Committee_vs_Authority.md,Individual,https://github.com/gpsaggese/gpsaggese.github.io/blob/master/research/ideas/draft.Analysis_of_Venture_Capital_Predictive_Power.md,Individual,https://github.com/gpsaggese/gpsaggese.github.io/blob/master/research/ideas/draft.Causal_Analysis_of_Hedge_Fund_Performance.md,Individual,Alex,Euphonia1,alexjing19365@gmail.com,9/23/2026 11:06:59,40,
Simran Kharbanda,simrank,122283671,MSML610: Advanced Machine Learning,"Tutorials: ""Learn X in 60 Minutes"" / ""Build X with Y""",https://github.com/gpsaggese/gpsaggese.github.io/blob/master/class_project/project_descriptions/MSML610/RLlib_Project_Description.md,Individual - Project 3: Autonomous Drone Navigation,https://github.com/gpsaggese/gpsaggese.github.io/blob/master/class_project/project_descriptions/MSML610/SemanticKernel_Project_Description.md,Individual - Project 3: Multi-Agent Economic Report,https://github.com/gpsaggese/gpsaggese.github.io/blob/master/research/ideas/in_progress.RL_for_auto_EDA.md,Individual,Simran,Sim2200,simrank3574@gmail.com,9/23/2026 10:02:15,41,
Akhil Kambhatla,kakhil,122068766,,,,,,,,,,,,,,
Anantha Erigisetty,aerigise,122267831,,,,,,,,,,,,,,
Basil Varghese,basil106,122279322,,,,,,,,,,,,,,
Fnu Hardik,hardik,122279933,,,,,,,,,,,,,,
Gabriel Bekele,gabeb,117289503,,,,,,,,,,,,,,
Gaurav Prakash,gprakash,122250130,,,,,,,,,,,,,,
Gurusri Vaibhav Krishna Chowdary Devarapalli,gdevarap,121641069,,,,,,,,,,,,,,
Haneesh Kilaru,hkilaru,122092983,,,,,,,,,,,,,,
Hemanth Thulasiraman,hemanth7,122101326,,,,,,,,,,,,,,
Mitali Purwar,mitali21,122016217,,,,,,,,,,,,,,Interested in quant finance
Mohan Varadaraju Priya (he),mvamsivp,122262003,,,,,,,,,,,,,,
Nishanth Reddy Adidela (he/him),nadidela,122280014,,,,,,,,,,,,,,
Priyanka Sadam,psadam,122191822,,,,,,,,,,,,,,
Rachel Bubeck,rbubeck,121999078,,,,,,,,,,,,,,
Rayhan Patel,rayhanbp,122087934,,,,,,,,,,,,,,
Sai Katupilla,anir,122250932,,,,,,,,,,,,,,
Saurabh Gujar,sgujar,122282216,,,,,,,,,,,,,,
Surendra Chandrasekaran,schandr3,122270114,,,,,,,,,,,,,,
William Peng,wpeng7,117586060,,,,,,,,,,,,,,
Yash Gudivada,ygudivad,122247420,,,,,,,,,,,,,,
Yaswanth Kottana (he),ykottana,122283107,,,,,,,,,,,,,,
